sample_id,gold,prediction,probabilities_json,audio_sha256
1010_DFA_SAD_XX,sadness,fear,"{""anger"": 6.690449936286313e-07, ""disgust"": 0.008593609556555748, ""fear"": 0.8466762900352478, ""joy"": 0.00040846082265488803, ""neutral"": 0.002209015656262636, ""sadness"": 0.14211198687553406}",1311471e142a89a02df42dab801fcfb4044cff7d40a95a97f13de7471d59269f
1010_IEO_ANG_HI,anger,anger,"{""anger"": 0.9995508790016174, ""disgust"": 8.557963883504272e-05, ""fear"": 3.07290320051834e-05, ""joy"": 0.00033277488546445966, ""neutral"": 4.857361735055576e-10, ""sadness"": 8.275137519664355e-11}",6a43b13f9cd149aa5ec7df725dbd84b495fb9bbc28d2590dc6ffadba1f25c8a9
1010_IEO_SAD_HI,sadness,fear,"{""anger"": 0.016921738162636757, ""disgust"": 0.15737366676330566, ""fear"": 0.5161851644515991, ""joy"": 0.019804375246167183, ""neutral"": 0.013364381156861782, ""sadness"": 0.27635061740875244}",ddf6af73741c0f7e29d6f33d5dbc55eb3e1a83e10dd4bc508c3352127513c4c5
1010_IOM_NEU_XX,neutral,neutral,"{""anger"": 8.110408816719428e-05, ""disgust"": 0.0003652044979389757, ""fear"": 0.034422725439071655, ""joy"": 0.0004033676232211292, ""neutral"": 0.718295156955719, ""sadness"": 0.246432363986969}",f5a8424c82115ea180942ccf49e47eeae6d2041ee8f121bddd752916a6c986d4
1010_ITS_ANG_XX,anger,anger,"{""anger"": 0.9955757856369019, ""disgust"": 0.000586409296374768, ""fear"": 0.0021678637713193893, ""joy"": 0.0016667795134708285, ""neutral"": 7.683507874389761e-08, ""sadness"": 3.118117092526518e-06}",442547bd34b4d251024230d74b883f8940985a485c356f5545db75076f51e8ae
1010_TIE_DIS_XX,disgust,fear,"{""anger"": 0.007520795799791813, ""disgust"": 0.14823709428310394, ""fear"": 0.5074064135551453, ""joy"": 0.03632649779319763, ""neutral"": 0.01151573657989502, ""sadness"": 0.2889934182167053}",b6aa22fae46119c2eb3498b7006ea0e071faf886f5fccdd8cb6ef055d4f3003a
1010_TSI_ANG_XX,anger,anger,"{""anger"": 0.9995525479316711, ""disgust"": 0.00010375714919064194, ""fear"": 0.00017178758571390063, ""joy"": 0.0001695870014373213, ""neutral"": 2.074746134894667e-06, ""sadness"": 2.431505663480493e-07}",f77ba2e6b48ffbf0bdbd813544b7252c44c9969e9ddb69d21c6b53d97e89057a
1013_DFA_NEU_XX,neutral,neutral,"{""anger"": 0.00012520224845502526, ""disgust"": 0.0016043471405282617, ""fear"": 0.04161126911640167, ""joy"": 0.004893311765044928, ""neutral"": 0.889625608921051, ""sadness"": 0.0621403269469738}",4d86e78492b7215cde5a742f3295c462d70e90e5bd5300a8bf764e1d7f4ea5f7
1013_IEO_ANG_HI,anger,anger,"{""anger"": 0.9994377493858337, ""disgust"": 9.671761654317379e-05, ""fear"": 0.00039703675429336727, ""joy"": 6.791941268602386e-05, ""neutral"": 5.046000839392661e-10, ""sadness"": 5.557421332014201e-07}",e02cb5118c1966751a3dc6055af199c311a24df94717b16a1e77d3dd1c256c6b
1013_IEO_ANG_LO,anger,anger,"{""anger"": 0.81601482629776, ""disgust"": 0.059627216309309006, ""fear"": 0.0070798154920339584, ""joy"": 0.11718268692493439, ""neutral"": 1.597284608578775e-06, ""sadness"": 9.392522770212963e-05}",0d3cc7804c2858ee89c0bf076989c3a8be01d959cbb93a5d89a49bc822c7ddaa
1013_IEO_HAP_LO,joy,fear,"{""anger"": 0.0009171830606646836, ""disgust"": 0.027984166517853737, ""fear"": 0.763354480266571, ""joy"": 0.18046745657920837, ""neutral"": 0.01457180641591549, ""sadness"": 0.012704780325293541}",f6edd95cc8b3c198259642a2e652c2af8574ed669e697f4faa0f249e1fe64f6c
1013_IOM_FEA_XX,fear,fear,"{""anger"": 0.00044854864245280623, ""disgust"": 0.21123595535755157, ""fear"": 0.42331045866012573, ""joy"": 0.04808643087744713, ""neutral"": 0.03618760406970978, ""sadness"": 0.2807310223579407}",762dea1981a4049e8efea2a430489b041f8fbf076f7b8c802984eb201f7e2dd4
1013_ITS_DIS_XX,disgust,disgust,"{""anger"": 0.0023445014376193285, ""disgust"": 0.7737375497817993, ""fear"": 0.07107450067996979, ""joy"": 0.10347560793161392, ""neutral"": 0.0015597533201798797, ""sadness"": 0.04780822992324829}",7e0d1832a2b4a898dc6b6baf5687b45f108bbcd6bb9429323c74c67166ce937d
1013_ITS_NEU_XX,neutral,joy,"{""anger"": 0.0015006322646513581, ""disgust"": 0.00020785562810488045, ""fear"": 0.005707519128918648, ""joy"": 0.7976486086845398, ""neutral"": 0.19114026427268982, ""sadness"": 0.0037951136473566294}",262594e746b64ae1ac7e522f42dd9ba9091def8423b8db7bbbd0ec6e0a2ecf37
1013_MTI_ANG_XX,anger,anger,"{""anger"": 0.99933260679245, ""disgust"": 2.1582442059298046e-05, ""fear"": 2.96696052828338e-05, ""joy"": 0.000611550931353122, ""neutral"": 9.412771256878116e-11, ""sadness"": 4.655807515518973e-06}",0b7d69d92ef3e5400767705682bcb3c7d960988200fd676a737a7ce9ea35e4fb
1013_MTI_FEA_XX,fear,fear,"{""anger"": 4.448369872989133e-05, ""disgust"": 0.0016820385353639722, ""fear"": 0.7805123329162598, ""joy"": 0.01619875431060791, ""neutral"": 0.01855647936463356, ""sadness"": 0.1830059140920639}",07cb6d45462bb00a73f7f7fe725126379f08a7e508c16c5e891b0964847016ad
1013_WSI_NEU_XX,neutral,neutral,"{""anger"": 0.06031182035803795, ""disgust"": 0.3885209560394287, ""fear"": 0.0011858399957418442, ""joy"": 0.005251036956906319, ""neutral"": 0.46246469020843506, ""sadness"": 0.0822657123208046}",6cf6f5336184de58c1196f99721fda34f9876453ee2d24aae3fafda9aeafffb8
1013_WSI_SAD_XX,sadness,disgust,"{""anger"": 5.157665327715222e-06, ""disgust"": 0.9842723608016968, ""fear"": 0.0022526122629642487, ""joy"": 0.00014156322868075222, ""neutral"": 1.5475099644390866e-05, ""sadness"": 0.013312861323356628}",c9b6d56f9775eda50f8dab2a0432660df062f4b430ed7bac40ada02349e58e8c
1022_DFA_HAP_XX,joy,joy,"{""anger"": 0.003978965803980827, ""disgust"": 0.017265189439058304, ""fear"": 0.012903004884719849, ""joy"": 0.9521390795707703, ""neutral"": 0.009814693592488766, ""sadness"": 0.003899107687175274}",eb03bfe3c93adb2e998e0086b9df86b62efab9a9cce6c272b6466af6eeef89d1
1022_IOM_DIS_XX,disgust,disgust,"{""anger"": 0.0034615693148225546, ""disgust"": 0.9272337555885315, ""fear"": 0.0031438544392585754, ""joy"": 0.012926806695759296, ""neutral"": 0.002092797076329589, ""sadness"": 0.051141202449798584}",3ced93d03a869e9e0bae61e61c1142921d9fceb3557ad06cfa0d4dbf3d6b5586
1022_ITH_HAP_XX,joy,joy,"{""anger"": 0.008178386837244034, ""disgust"": 0.026638148352503777, ""fear"": 6.888987991260365e-05, ""joy"": 0.9458305239677429, ""neutral"": 0.017406748607754707, ""sadness"": 0.0018773346673697233}",8b8c2b555a9318cae3ce18d99e9c27fe2401f0a6e652e198fa07f82a0e6d9f0b
1022_ITS_NEU_XX,neutral,neutral,"{""anger"": 0.013234245590865612, ""disgust"": 0.002346601104363799, ""fear"": 0.017640402540564537, ""joy"": 0.07825334370136261, ""neutral"": 0.8503845930099487, ""sadness"": 0.03814074769616127}",2f3779fca3f8b87fb264defbf349b776b023f82bc985694050d21a7ac43ed096
1022_IWL_FEA_XX,fear,joy,"{""anger"": 0.0023784898221492767, ""disgust"": 0.0021599798928946257, ""fear"": 0.028359122574329376, ""joy"": 0.9452281594276428, ""neutral"": 0.009276327677071095, ""sadness"": 0.012597795575857162}",248192fa7bf7cc1aca0c54327219be05d1c619242748db648d848fc17ee4a837
1022_IWL_HAP_XX,joy,joy,"{""anger"": 0.0012351552722975612, ""disgust"": 0.059496380388736725, ""fear"": 2.5050198019016534e-05, ""joy"": 0.9344918131828308, ""neutral"": 0.000802310707513243, ""sadness"": 0.003949290607124567}",f5ebbcf13ec6d0c44f457bf3ca07272667cdf3160e8db2387e7370bc0ebce4cd
1022_IWL_NEU_XX,neutral,joy,"{""anger"": 0.041157934814691544, ""disgust"": 0.07615672796964645, ""fear"": 0.02219475246965885, ""joy"": 0.4247301518917084, ""neutral"": 0.15149015188217163, ""sadness"": 0.2842702865600586}",bd19c34ece02e8a89375994ee60154a4950d19e57e4e9962a820d93550e03af1
1022_IWW_HAP_XX,joy,joy,"{""anger"": 0.02835649624466896, ""disgust"": 0.243256077170372, ""fear"": 0.007009572349488735, ""joy"": 0.6676345467567444, ""neutral"": 0.040176425129175186, ""sadness"": 0.013566737994551659}",0676e3f00bf3cd837c0b6667ba4f3c52c1921bae913cef8a93647a5c1a35fecd
1022_TIE_SAD_XX,sadness,fear,"{""anger"": 0.007903567515313625, ""disgust"": 0.1686946153640747, ""fear"": 0.4800747334957123, ""joy"": 0.03701284900307655, ""neutral"": 0.007761746644973755, ""sadness"": 0.2985525131225586}",e18a36f0b9c6b0c0f7afabd7f99a6e093af2f99886c3decc5c021e202e731bb9
1022_TSI_ANG_XX,anger,anger,"{""anger"": 0.9942322373390198, ""disgust"": 0.0018891219515353441, ""fear"": 0.00047591360635124147, ""joy"": 0.003402343252673745, ""neutral"": 7.288452064102557e-10, ""sadness"": 5.122893185216526e-07}",d08a11fa3e93ad7bd40c4732171520b4fa9993f84e48d7e2a8e78eb097faaad8
1022_TSI_FEA_XX,fear,sadness,"{""anger"": 0.005841533653438091, ""disgust"": 0.004921016748994589, ""fear"": 0.15038029849529266, ""joy"": 0.05508885160088539, ""neutral"": 0.09839984029531479, ""sadness"": 0.6853684186935425}",52d946d0716ad7ceea6493913faa648fbc0e96a135d6fc7e71b586e3ed978c41
1022_WSI_FEA_XX,fear,fear,"{""anger"": 3.9302110963035375e-05, ""disgust"": 0.0011197887361049652, ""fear"": 0.9029290080070496, ""joy"": 0.03258121758699417, ""neutral"": 0.03478076681494713, ""sadness"": 0.02854986861348152}",89e553ce2a4bcf21f7cb772cfb0c9a0a6e5bb593478899c0446e638742fcd704
1022_WSI_NEU_XX,neutral,neutral,"{""anger"": 0.05799926072359085, ""disgust"": 0.2288156896829605, ""fear"": 0.004306558053940535, ""joy"": 0.03505617007613182, ""neutral"": 0.5196048617362976, ""sadness"": 0.15421749651432037}",2d80d41328c1c225f6a995e70f1d8e47ec7fd50d6e8524d04b48cc62456df023
1022_WSI_SAD_XX,sadness,disgust,"{""anger"": 0.0010761950397863984, ""disgust"": 0.39100679755210876, ""fear"": 0.24590641260147095, ""joy"": 0.06120358034968376, ""neutral"": 0.01061644870787859, ""sadness"": 0.29019060730934143}",01e5f597de1f0e6d651898fb1cb88029ee91b0148c9a1213e2d6e9c68cfe853b
1026_IEO_ANG_LO,anger,anger,"{""anger"": 0.9629612565040588, ""disgust"": 0.03527463600039482, ""fear"": 8.87734058778733e-05, ""joy"": 0.0015163186471909285, ""neutral"": 9.028992280946113e-06, ""sadness"": 0.00014990010822657496}",d65cc60ebdca6ca4f64d6d3eae7b28880430a7a9e65c328aa46e2f7b582dd418
1026_IEO_FEA_HI,fear,fear,"{""anger"": 0.0015511534875258803, ""disgust"": 0.014784698374569416, ""fear"": 0.9148381948471069, ""joy"": 0.06882449239492416, ""neutral"": 1.1887435480417707e-09, ""sadness"": 1.3995572771818843e-06}",52a3f55f6ec326906ae1c7cac9691e49a5c6beeb6c6e98f737e1b08a69fa7e63
1026_ITH_NEU_XX,neutral,neutral,"{""anger"": 0.002823222428560257, ""disgust"": 0.0036551908124238253, ""fear"": 5.5389728004229255e-06, ""joy"": 0.00121867167763412, ""neutral"": 0.9858259558677673, ""sadness"": 0.0064714038744568825}",0337ccb80c758c87118659d754a5c9da13e6be52778b44be76a5325fb6e35900
1026_ITS_DIS_XX,disgust,joy,"{""anger"": 7.082738738972694e-05, ""disgust"": 0.27990755438804626, ""fear"": 0.30181872844696045, ""joy"": 0.3939124345779419, ""neutral"": 0.017789099365472794, ""sadness"": 0.006501377560198307}",a73e95e94d23de78bd47b02df5da81bc38da32979b96a23aa2ff74053ab55222
1026_ITS_NEU_XX,neutral,neutral,"{""anger"": 0.0017101466655731201, ""disgust"": 0.06585074961185455, ""fear"": 0.01632266864180565, ""joy"": 0.0004308658535592258, ""neutral"": 0.7702000737190247, ""sadness"": 0.14548546075820923}",f0f0e39cbbcc96b749f3718d7c8aac879d71c4d10a2947854c0bae95a3d34871
1026_IWW_ANG_XX,anger,anger,"{""anger"": 0.4997093677520752, ""disgust"": 0.09298648685216904, ""fear"": 0.00041222324944101274, ""joy"": 0.4068794846534729, ""neutral"": 9.72923253073077e-09, ""sadness"": 1.2515150956460275e-05}",6d0065794f1613910636f00c700f570fe9d3f88ffebeedb3879fe524186f35e5
1026_IWW_DIS_XX,disgust,disgust,"{""anger"": 0.0017015701159834862, ""disgust"": 0.49537670612335205, ""fear"": 0.23994894325733185, ""joy"": 0.059667009860277176, ""neutral"": 0.002546252915635705, ""sadness"": 0.20075950026512146}",0953d0923ce1b26abdff3b77d40c56236d66858cbe8b1dce4d7c1bc5aee33a42
1026_IWW_SAD_XX,sadness,sadness,"{""anger"": 2.0207551642670296e-05, ""disgust"": 0.004376765340566635, ""fear"": 0.00937607977539301, ""joy"": 0.00010441488120704889, ""neutral"": 0.0022101281210780144, ""sadness"": 0.9839124083518982}",3dcb92e27eb703b64245b6579f8a2a7c0e5465522a85eeff8c2014b433710783
1026_MTI_FEA_XX,fear,fear,"{""anger"": 1.6573751793202973e-07, ""disgust"": 3.9245169318746775e-05, ""fear"": 0.9934385418891907, ""joy"": 2.5933684810297564e-05, ""neutral"": 2.7363271328795236e-06, ""sadness"": 0.006493384018540382}",1c0840aeeff2d903cf5a612eb89906f9dcf5f7a21ba89a5814d861b930d1a9d0
1026_TAI_ANG_XX,anger,anger,"{""anger"": 0.9960053563117981, ""disgust"": 0.003950000274926424, ""fear"": 6.977386419748655e-06, ""joy"": 1.84741602424765e-05, ""neutral"": 1.6651940271117383e-08, ""sadness"": 1.907848854898475e-05}",9b896bec2c1f0279cff428a211ea7c9cdf1890c81e204f130b8469ca79b48073
1026_TIE_DIS_XX,disgust,anger,"{""anger"": 0.9306932091712952, ""disgust"": 0.05184400826692581, ""fear"": 0.0020631037186831236, ""joy"": 0.015374761074781418, ""neutral"": 1.7778773326426744e-05, ""sadness"": 7.206561804196099e-06}",f7f2f002888674b7b6c7dc239863427a5155c4c93e2e9cd874f9135166b84315
1026_TIE_FEA_XX,fear,joy,"{""anger"": 0.14847654104232788, ""disgust"": 0.0001087690397980623, ""fear"": 0.029070384800434113, ""joy"": 0.8223437070846558, ""neutral"": 3.0402798500972494e-08, ""sadness"": 5.438853918349196e-07}",1973132aa615ff7432af308698c990129dbe2d3f786758590c2f8ecd6ecc56fa
1026_TSI_HAP_XX,joy,joy,"{""anger"": 0.001666549826040864, ""disgust"": 0.019382057711482048, ""fear"": 0.049730103462934494, ""joy"": 0.9288906455039978, ""neutral"": 4.640704719349742e-05, ""sadness"": 0.00028429445228539407}",fbefb8c4bdaf0473ac828b175331e905373aeb43b330fb08b05c5a3442db959e
1026_WSI_ANG_XX,anger,anger,"{""anger"": 0.9999780654907227, ""disgust"": 1.5941921446938068e-05, ""fear"": 5.823279025207739e-06, ""joy"": 6.431444177223966e-08, ""neutral"": 9.078365281744993e-10, ""sadness"": 2.870488557960016e-08}",a871397c04bccea0cbcf412c6b2230b97dc1892f734c461fb0481d228c4a8812
1037_DFA_ANG_XX,anger,disgust,"{""anger"": 0.17110921442508698, ""disgust"": 0.8279057145118713, ""fear"": 7.951406587380916e-06, ""joy"": 0.0007052972796373069, ""neutral"": 0.0002600450534373522, ""sadness"": 1.1768184776883572e-05}",ca56c0b4a49f401f067e42a4c4a1fa085f046063181da50de3eafc109789f3ab
1037_IEO_ANG_HI,anger,anger,"{""anger"": 0.99946528673172, ""disgust"": 0.0005346416146494448, ""fear"": 1.6223360432832123e-07, ""joy"": 6.901285765081866e-09, ""neutral"": 1.2408635630581475e-16, ""sadness"": 2.6413227074278955e-12}",7d4bbaa3eb74edfa155275788c257eedb7875d4a2c62be030aa05f6648da8a49
1037_IEO_ANG_MD,anger,anger,"{""anger"": 0.9993475079536438, ""disgust"": 0.0006521058385260403, ""fear"": 1.0476544964888035e-08, ""joy"": 2.0411964385402825e-07, ""neutral"": 1.768634544374592e-10, ""sadness"": 7.581697758496375e-08}",1b5e4d5776f2ec11996298ee2f1dbb1517d679151060bca82398e7842379bf18
1037_IEO_SAD_HI,sadness,sadness,"{""anger"": 0.0007616624934598804, ""disgust"": 0.014126778580248356, ""fear"": 0.10625812411308289, ""joy"": 0.0009807137539610267, ""neutral"": 0.006814248394221067, ""sadness"": 0.8710584044456482}",9bc697ac23e630a08f290c0bdfae34b03c4feb7248f7e83e7c0311153068fedf
1037_ITS_FEA_XX,fear,fear,"{""anger"": 0.0002106713072862476, ""disgust"": 0.0002018787054112181, ""fear"": 0.7295404076576233, ""joy"": 0.08041764795780182, ""neutral"": 0.015972567722201347, ""sadness"": 0.17365685105323792}",66b90d3d776d828149cfda6cc75626fb25975f645807a6b6da2295f243c6d966
1037_IWL_HAP_XX,joy,joy,"{""anger"": 0.02323690429329872, ""disgust"": 8.278871973743662e-05, ""fear"": 0.00028890345129184425, ""joy"": 0.9763654470443726, ""neutral"": 2.724713397128653e-07, ""sadness"": 2.5703948267619126e-05}",783411eb3d6bc09a36fa875bd6d78daa176a1c394dd769bb4e9deb1d900d7e2e
1037_TAI_NEU_XX,neutral,neutral,"{""anger"": 0.0003611780412029475, ""disgust"": 0.048750776797533035, ""fear"": 8.55403850437142e-05, ""joy"": 0.0006586536183021963, ""neutral"": 0.8861653804779053, ""sadness"": 0.06397850066423416}",486bd351fd5a764c4043eb7d8928e1c403384ddf287f21a74e7f2834c47ee261
1037_TIE_HAP_XX,joy,joy,"{""anger"": 0.016103237867355347, ""disgust"": 2.6113648345926777e-05, ""fear"": 0.002453600987792015, ""joy"": 0.9814165830612183, ""neutral"": 2.0446448445454735e-07, ""sadness"": 2.3373881674615404e-07}",6852b99a0cd3e4a88899854551304c1077bb9ae950de79db2a131afa04e2c173
1037_TSI_DIS_XX,disgust,disgust,"{""anger"": 0.001505822641775012, ""disgust"": 0.889456570148468, ""fear"": 0.01561132725328207, ""joy"": 0.021467283368110657, ""neutral"": 0.0010761505691334605, ""sadness"": 0.07088285684585571}",7513d449432c29d385512be2d595c5c313a2a4a391653ea12da80182abd2dfdb
1037_TSI_FEA_XX,fear,fear,"{""anger"": 0.00029477180214598775, ""disgust"": 0.0020526908338069916, ""fear"": 0.647219717502594, ""joy"": 0.2677970826625824, ""neutral"": 0.0006656946497969329, ""sadness"": 0.08197007328271866}",62722d8faf9beac80a128832cdd840ca52f82faef5e6fd2fe779d61bd32f9241
1037_WSI_FEA_XX,fear,joy,"{""anger"": 0.0031077719759196043, ""disgust"": 0.0005037962109781802, ""fear"": 0.3783058226108551, ""joy"": 0.6149441003799438, ""neutral"": 7.887769243097864e-06, ""sadness"": 0.003130602417513728}",c7e1a6187d089dcae9b529e2cc130253a8684677abc07fc39149e24c8d4d2537
1038_IEO_ANG_HI,anger,anger,"{""anger"": 0.9999836683273315, ""disgust"": 1.1018439181498252e-05, ""fear"": 4.751089818455512e-06, ""joy"": 9.822149138472014e-08, ""neutral"": 2.3501828955163617e-11, ""sadness"": 4.609714494563377e-07}",36cdf1bf4a5c40ec32e2c9a3a06be349adccdf4241a19fe9b8eee74a625b9155
1038_ITS_DIS_XX,disgust,disgust,"{""anger"": 0.24751509726047516, ""disgust"": 0.7522926330566406, ""fear"": 3.2383391953771934e-05, ""joy"": 9.727240831125528e-05, ""neutral"": 2.4173805286409333e-06, ""sadness"": 6.021204899298027e-05}",448258bf6d591c10df6405220839afcf9c5949cb888f931fd7143b20f905eba6
1038_ITS_NEU_XX,neutral,neutral,"{""anger"": 0.020950792357325554, ""disgust"": 0.000594356853980571, ""fear"": 0.001050781924277544, ""joy"": 0.0033202406484633684, ""neutral"": 0.9674134254455566, ""sadness"": 0.00667033763602376}",a5c3188fb4c87fd96cc77c3d74361725fa60d0f95e48e89efc8efd704a5bbe74
1038_ITS_SAD_XX,sadness,disgust,"{""anger"": 0.04660726711153984, ""disgust"": 0.613903284072876, ""fear"": 0.02721340022981167, ""joy"": 0.06676866114139557, ""neutral"": 0.05677584931254387, ""sadness"": 0.18873155117034912}",9eeae01c6e682e037d3031f681ebe0c554c3892d8f7fb9dab554baf9e1434fcc
1038_TAI_DIS_XX,disgust,disgust,"{""anger"": 0.08666784316301346, ""disgust"": 0.9130181670188904, ""fear"": 1.26038244729898e-07, ""joy"": 5.21895117344684e-07, ""neutral"": 1.1245879250054713e-07, ""sadness"": 0.0003131972625851631}",53468806031f3d816203b53188100b3352cd93c885ab8f621bb8a9e202910695
1038_TAI_SAD_XX,sadness,sadness,"{""anger"": 0.00010752250818768516, ""disgust"": 0.18079063296318054, ""fear"": 0.0030300451908260584, ""joy"": 0.00028194807237014174, ""neutral"": 0.0028185478877276182, ""sadness"": 0.812971293926239}",abb567c790ea7d5eca439025153642eea1719ac45080665a63a1c9efb791992d
1038_TSI_SAD_XX,sadness,neutral,"{""anger"": 0.0005258660530671477, ""disgust"": 0.017700375989079475, ""fear"": 0.016677308827638626, ""joy"": 0.0009490743977949023, ""neutral"": 0.5441535711288452, ""sadness"": 0.4199938476085663}",93bf413bbf96addb15895c2fa9b4278acdf081f5c19841ae22f767b803142476
1040_ITH_DIS_XX,disgust,sadness,"{""anger"": 4.106884807697497e-05, ""disgust"": 0.17643602192401886, ""fear"": 0.027701549232006073, ""joy"": 7.274606468854472e-05, ""neutral"": 0.00041935592889785767, ""sadness"": 0.7953292727470398}",28c474dc6d992f635d4a5750fff59ad973bd62d24090c59f11cbca395a72f2ef
1040_ITS_FEA_XX,fear,fear,"{""anger"": 0.00014588366320822388, ""disgust"": 0.007298424374312162, ""fear"": 0.8916636109352112, ""joy"": 0.007818560115993023, ""neutral"": 0.0407848060131073, ""sadness"": 0.05228859931230545}",a7f184c1c59b2cc9f84daa998194349cea8cc27acd70178e83d45c4dbad37dfc
1040_IWW_DIS_XX,disgust,sadness,"{""anger"": 0.0003686676500365138, ""disgust"": 0.14291422069072723, ""fear"": 0.28856778144836426, ""joy"": 0.006327795796096325, ""neutral"": 0.0009478699066676199, ""sadness"": 0.5608736872673035}",025d6be84efa33b118ce12d4f28e47100b052b5eccd79a201576df4e2e8e570e
1040_IWW_HAP_XX,joy,neutral,"{""anger"": 0.005449638236314058, ""disgust"": 0.0008614870021119714, ""fear"": 0.2159503996372223, ""joy"": 0.018951963633298874, ""neutral"": 0.4875473976135254, ""sadness"": 0.2712390720844269}",b313c14fb32917f1f8c6c8b1496bba9ff6ed34adc222f8be46b70ab9a1b28296
1040_IWW_SAD_XX,sadness,sadness,"{""anger"": 4.9202631089428905e-06, ""disgust"": 9.677906928118318e-05, ""fear"": 0.007457625586539507, ""joy"": 4.7404246288351715e-06, ""neutral"": 0.0001778666628524661, ""sadness"": 0.9922580122947693}",b5ae38c6e8a75207763441918abb14af167a652ebafb8bf3c6c790b1f4e1e816
1040_MTI_DIS_XX,disgust,sadness,"{""anger"": 0.05358407273888588, ""disgust"": 0.2219977080821991, ""fear"": 0.1045755073428154, ""joy"": 0.07899420708417892, ""neutral"": 0.048751577734947205, ""sadness"": 0.49209699034690857}",67483d4aabecc90815db3e123efae26b7a2c09abf24d77ad7a717065bfc8bb8c
1040_TAI_FEA_XX,fear,fear,"{""anger"": 2.2505560991703533e-05, ""disgust"": 0.0008909610332921147, ""fear"": 0.96408611536026, ""joy"": 0.003285312559455633, ""neutral"": 0.0038284638430923223, ""sadness"": 0.0278866458684206}",c5335082c0493405e239da1c39244251f906b9b49a96706014a65bf1fe17871e
1040_TSI_SAD_XX,sadness,sadness,"{""anger"": 0.0008041555411182344, ""disgust"": 0.0030876845121383667, ""fear"": 0.035346537828445435, ""joy"": 0.0015721103409305215, ""neutral"": 0.015776533633470535, ""sadness"": 0.9434129595756531}",e2118f8631192f286d846fff7836884dfb162603c29a13c5db8088bcbd3dc41d
1040_WSI_DIS_XX,disgust,disgust,"{""anger"": 6.893034878885373e-05, ""disgust"": 0.9046512842178345, ""fear"": 0.05267844349145889, ""joy"": 0.0006434577517211437, ""neutral"": 0.0004185187572147697, ""sadness"": 0.041539356112480164}",f48d1d32867280ea6c418504baaf47f9e53513f4f7aecfe7c28ac87d615f3c3b
1040_WSI_FEA_XX,fear,fear,"{""anger"": 0.0020513960625976324, ""disgust"": 0.040714893490076065, ""fear"": 0.9370867013931274, ""joy"": 0.018371084704995155, ""neutral"": 0.0008519769180566072, ""sadness"": 0.0009239482460543513}",b65bebe27a5af71609690d771b7658a68f1e91c5841d13f252d3c0796e2a10bb
1045_IEO_HAP_MD,joy,neutral,"{""anger"": 0.03088822402060032, ""disgust"": 0.15048886835575104, ""fear"": 0.0017582714790478349, ""joy"": 0.02648077718913555, ""neutral"": 0.576228678226471, ""sadness"": 0.21415521204471588}",211726145b490b3ad6f0c80d7d95b78d3d201f2bbbbe7d87ddb87aacb62ae9a3
1045_IOM_HAP_XX,joy,joy,"{""anger"": 0.0001737998245516792, ""disgust"": 0.22229602932929993, ""fear"": 0.016948290169239044, ""joy"": 0.7560317516326904, ""neutral"": 0.0025204780977219343, ""sadness"": 0.002029628958553076}",5aa228e3eae38b20637e863a9d469ee81af780ee22fbbd09647ecca5c77b418d
1045_MTI_ANG_XX,anger,disgust,"{""anger"": 0.40708571672439575, ""disgust"": 0.5848024487495422, ""fear"": 0.00011405170516809449, ""joy"": 0.00043796165846288204, ""neutral"": 0.0045067970640957355, ""sadness"": 0.0030530262738466263}",c5a71bcb671d62c75839916b2ae67cbafa3f4a4e3d25015e4fce7ca06f1205de
1045_TAI_HAP_XX,joy,neutral,"{""anger"": 0.08906105905771255, ""disgust"": 0.15421922504901886, ""fear"": 0.10738693922758102, ""joy"": 0.19551287591457367, ""neutral"": 0.3707704544067383, ""sadness"": 0.08304951339960098}",a2c56a1ba3c4d5d0c11a6cd148f55c9048b3fe9ba45f4f4227bd08f6c189083f
1045_TIE_HAP_XX,joy,fear,"{""anger"": 0.0010156446369364858, ""disgust"": 0.008129118010401726, ""fear"": 0.8912721276283264, ""joy"": 0.0690874457359314, ""neutral"": 0.0076580229215323925, ""sadness"": 0.02283756621181965}",9444ee74cbeda86a885e5dba7b83418ef7440795ffacb73fe7118dc4a76aa808
1045_WSI_DIS_XX,disgust,disgust,"{""anger"": 4.3533022108022124e-05, ""disgust"": 0.9972586631774902, ""fear"": 2.5877070584101602e-05, ""joy"": 8.657802936795633e-06, ""neutral"": 0.0005744066438637674, ""sadness"": 0.0020887963473796844}",b6a69b583f0da7a13b82a5f5a51dddecc04f83d208924440ef80dd5b2d3d1c6f
1047_DFA_HAP_XX,joy,joy,"{""anger"": 0.00013281774590723217, ""disgust"": 2.2835964045953006e-05, ""fear"": 0.0006092474795877934, ""joy"": 0.9992334842681885, ""neutral"": 1.0118531008629361e-06, ""sadness"": 7.699468369537499e-07}",099524f2a325279c4aadea676e31d2bf3bb34ac6c27fb5601fb952698ff81560
1047_IEO_ANG_LO,anger,anger,"{""anger"": 0.7361197471618652, ""disgust"": 0.11910924315452576, ""fear"": 0.0005583041347563267, ""joy"": 0.14310115575790405, ""neutral"": 5.172271357878344e-06, ""sadness"": 0.001106394687667489}",6bd63cfdb072f19222484324ced0c4e860cb7b7bf96ec5dec18a23a16dea50c0
1047_IEO_NEU_XX,neutral,neutral,"{""anger"": 0.018653368577361107, ""disgust"": 0.0031799059361219406, ""fear"": 0.005378184840083122, ""joy"": 0.019100427627563477, ""neutral"": 0.9496280550956726, ""sadness"": 0.0040600295178592205}",c3e739758e4e118b694cb3ce37bd6fe3bd415f74734c58e49d3a93658c4b70ba
1047_IOM_FEA_XX,fear,fear,"{""anger"": 4.047283539421187e-07, ""disgust"": 0.0007552719907835126, ""fear"": 0.9612533450126648, ""joy"": 0.0019814905244857073, ""neutral"": 0.0001506821863586083, ""sadness"": 0.03585869446396828}",4b1b49311166018cec051c15fe53f9c31db07d7527dbc2da55bc1252d4a71bd7
1047_IOM_NEU_XX,neutral,neutral,"{""anger"": 0.00010365585330873728, ""disgust"": 0.0003885046753566712, ""fear"": 0.033176396042108536, ""joy"": 0.0009139988105744123, ""neutral"": 0.7917975187301636, ""sadness"": 0.17361986637115479}",a89b8bdc1e24e068ee326001a127f6386dfe8b925aec13a5537ad8da89a70270
1047_ITH_HAP_XX,joy,joy,"{""anger"": 0.0012609020341187716, ""disgust"": 6.725290973008669e-07, ""fear"": 4.385388092487119e-05, ""joy"": 0.99869304895401, ""neutral"": 1.223825961460534e-06, ""sadness"": 3.21936653335797e-07}",852238da38973701134d68428893697b1f40cd6d5126f9d74194e4be199bbe45
1047_ITS_DIS_XX,disgust,disgust,"{""anger"": 0.0025320290587842464, ""disgust"": 0.939883291721344, ""fear"": 0.0054958900436758995, ""joy"": 0.003473093966022134, ""neutral"": 0.005465194582939148, ""sadness"": 0.0431503988802433}",0a24a7cd6a6a66e3ef46b278fedb9b497d236001f1aabde2d8ff8abea40222ce
1047_ITS_FEA_XX,fear,fear,"{""anger"": 4.7660302016083733e-07, ""disgust"": 8.972951945906971e-07, ""fear"": 0.8282480239868164, ""joy"": 0.17174378037452698, ""neutral"": 2.9039804303465644e-06, ""sadness"": 3.967541033489397e-06}",8096bde3303d489798ea8ca829446f001fe053371f19b30f59905c1b5bce8662
1047_IWL_FEA_XX,fear,fear,"{""anger"": 3.0696389785589417e-06, ""disgust"": 0.00022195470228325576, ""fear"": 0.9853437542915344, ""joy"": 0.013007857836782932, ""neutral"": 9.728132863529027e-05, ""sadness"": 0.0013259861152619123}",8c78e3fbccbf5c09a2cd6314c92ddc3ec2cfa586e3ce68c794bd0fde96dc8caa
1047_WSI_ANG_XX,anger,anger,"{""anger"": 0.9819106459617615, ""disgust"": 0.016838183626532555, ""fear"": 0.00016637805674690753, ""joy"": 0.0009538001613691449, ""neutral"": 1.337743583462725e-06, ""sadness"": 0.0001298080023843795}",7b176d9e91c2034d8065e957f0d57ba41724ee3e14e4e91782bc5932bf67f8ba
1048_DFA_NEU_XX,neutral,neutral,"{""anger"": 4.1323204641230404e-05, ""disgust"": 0.0034519077744334936, ""fear"": 0.14760422706604004, ""joy"": 0.0005497558158822358, ""neutral"": 0.7132340669631958, ""sadness"": 0.1351187378168106}",2b299cff8cd59232aaaa8ad6d56f79897128696aa5d9b9d41129bd6b3e5dbc04
1048_DFA_SAD_XX,sadness,neutral,"{""anger"": 2.4380698960158043e-05, ""disgust"": 0.0036129646468907595, ""fear"": 0.018808439373970032, ""joy"": 0.0014510102337226272, ""neutral"": 0.9239571690559387, ""sadness"": 0.05214601010084152}",915df7b451cb2de6b7037642f0cc205d5dd087126ea13f909d1cf83654589726
1048_IEO_ANG_MD,anger,anger,"{""anger"": 0.9290846586227417, ""disgust"": 0.025608323514461517, ""fear"": 0.043324992060661316, ""joy"": 0.0003221133956685662, ""neutral"": 7.921634278318379e-06, ""sadness"": 0.001651883008889854}",2af11ae5dcf9c8565cdac274d9aabbb1c83ac20b75b4b7342f435b24a3b1e9b3
1048_IEO_HAP_HI,joy,joy,"{""anger"": 0.005705728195607662, ""disgust"": 0.012118244543671608, ""fear"": 0.08634831756353378, ""joy"": 0.8916604518890381, ""neutral"": 0.0034676336217671633, ""sadness"": 0.0006996303563937545}",d6b4aab28b6800d9b8c7e84dd6f2418f9cc5be94555f760a2f3994f11b0b6f5b
1048_IOM_SAD_XX,sadness,sadness,"{""anger"": 7.782115062582307e-06, ""disgust"": 5.509098991751671e-05, ""fear"": 0.003603705670684576, ""joy"": 0.002786805387586355, ""neutral"": 0.3194620907306671, ""sadness"": 0.6740845441818237}",74e3d161c70b6b562c1a271d7c32db015d6f06fbe9c781b45587ddce654899f5
1048_MTI_SAD_XX,sadness,fear,"{""anger"": 3.258669676142745e-05, ""disgust"": 0.003626191755756736, ""fear"": 0.6385571360588074, ""joy"": 0.0178544744849205, ""neutral"": 0.09231533110141754, ""sadness"": 0.24761424958705902}",f531f8f8907082a749d01f6342b24b74867b6d4c50cdccb8ff0ed3c624b4e4e7
1048_TAI_FEA_XX,fear,fear,"{""anger"": 1.112452991947066e-05, ""disgust"": 0.001829209504649043, ""fear"": 0.6676240563392639, ""joy"": 0.010670565068721771, ""neutral"": 0.03936096280813217, ""sadness"": 0.28050413727760315}",dde4077f03978c60df0fda2e304c7fc17f875a0cf499055f0b11b86b819504ad
1048_TAI_SAD_XX,sadness,disgust,"{""anger"": 0.008418779820203781, ""disgust"": 0.4089492857456207, ""fear"": 0.019941989332437515, ""joy"": 0.3123074173927307, ""neutral"": 0.09886608272790909, ""sadness"": 0.15151642262935638}",9872e0e7668707065660c0ede062f008884badf1de2e6212a3e9ba438f477f80
1048_TIE_HAP_XX,joy,fear,"{""anger"": 0.0019049651455134153, ""disgust"": 0.004610774572938681, ""fear"": 0.6671486496925354, ""joy"": 0.27499908208847046, ""neutral"": 0.01186573039740324, ""sadness"": 0.0394708476960659}",b6dda22b7367bf49a885645a2185762c7110dc29b0d375707d5160112d2318cb
1048_TIE_SAD_XX,sadness,fear,"{""anger"": 0.00011642599565675482, ""disgust"": 0.0011731490958482027, ""fear"": 0.4596715271472931, ""joy"": 0.0027977637946605682, ""neutral"": 0.13152632117271423, ""sadness"": 0.40471479296684265}",0889c36b641e44923ab412b3b6ac768e3b09bcb10d3603716f57033868340534
1048_TSI_DIS_XX,disgust,sadness,"{""anger"": 0.0002856282808352262, ""disgust"": 0.16276903450489044, ""fear"": 0.0336679182946682, ""joy"": 0.00014539824042003602, ""neutral"": 0.001156881800852716, ""sadness"": 0.8019751310348511}",137839f71ec65d3c7c796f8b5e25cca05199ee299a463dad5bda7e393cac667b
1048_WSI_ANG_XX,anger,anger,"{""anger"": 0.5360384583473206, ""disgust"": 0.4463289976119995, ""fear"": 0.015226483345031738, ""joy"": 0.0004907267866656184, ""neutral"": 0.0006081376341171563, ""sadness"": 0.001307149650529027}",d23cdd318227cc981c4ad3be1a7771d813f0b9983db74b7ed8b10f2a871eeb70
1048_WSI_NEU_XX,neutral,neutral,"{""anger"": 0.0006184475496411324, ""disgust"": 0.006332516670227051, ""fear"": 0.0057137166149914265, ""joy"": 0.007463592104613781, ""neutral"": 0.8519195914268494, ""sadness"": 0.12795211374759674}",ceab4b80e64a5431ec9e70d32381158a83046d3727a4a20cff3ce5d7d481a808
1048_WSI_SAD_XX,sadness,sadness,"{""anger"": 0.0002310171112185344, ""disgust"": 0.009965787641704082, ""fear"": 0.1532921940088272, ""joy"": 0.0008014843915589154, ""neutral"": 0.007219808176159859, ""sadness"": 0.8284896612167358}",c6672763546e76f55ce52286a3378e3ec52d303f384f5eaea602ad7c41edc0b2
1059_DFA_ANG_XX,anger,anger,"{""anger"": 0.9996762275695801, ""disgust"": 0.0002887768787331879, ""fear"": 3.3263022487517446e-05, ""joy"": 1.795695084183535e-06, ""neutral"": 1.0949094964018968e-08, ""sadness"": 2.4093202988240137e-09}",30efdfd6d00c9540fb437ed2c76328cd2699bc66bfdcc5f2eca6eaeab4baf281
1059_IEO_ANG_MD,anger,anger,"{""anger"": 0.9660587906837463, ""disgust"": 0.023207353428006172, ""fear"": 0.008911198005080223, ""joy"": 0.001821715384721756, ""neutral"": 8.827016340084981e-10, ""sadness"": 9.695908147477894e-07}",5d7ead83373907207de702ca838f17bc339a27c924713ffa8d8fdf989093f9e7
1059_IEO_DIS_LO,disgust,disgust,"{""anger"": 3.407046096981503e-05, ""disgust"": 0.9997168183326721, ""fear"": 0.0001772068062564358, ""joy"": 4.295432518119924e-05, ""neutral"": 4.2915196729609306e-08, ""sadness"": 2.894182034651749e-05}",e1d8d599f25dfd83e559fa654d9a0f6228cd76a01ba3f8856b1607dc4c01e09f
1059_IEO_DIS_MD,disgust,sadness,"{""anger"": 0.01687696948647499, ""disgust"": 0.4553013741970062, ""fear"": 0.0033773211762309074, ""joy"": 0.00424958998337388, ""neutral"": 0.010937059298157692, ""sadness"": 0.5092577934265137}",0fafcc81c494bf97d19b1527674c0902aa0be3221442efe308c9ca1cd2901bf8
1059_IEO_FEA_LO,fear,fear,"{""anger"": 3.3634190913289785e-05, ""disgust"": 0.07730142027139664, ""fear"": 0.888154923915863, ""joy"": 0.0016994914039969444, ""neutral"": 1.3065018720226362e-06, ""sadness"": 0.03280925005674362}",b28484f2862201d8d998af1d876b0b56d271a45be627ab05ae115524d5dfa2bd
1059_IEO_HAP_MD,joy,joy,"{""anger"": 0.0009482755558565259, ""disgust"": 0.09393849223852158, ""fear"": 0.0010689665796235204, ""joy"": 0.9040324091911316, ""neutral"": 2.145636202044443e-08, ""sadness"": 1.19065525723272e-05}",2ff09ce2d686defd0b8d754fa380ad0d760c555900d89263060d2097cf184877
1059_IWW_DIS_XX,disgust,disgust,"{""anger"": 0.23008084297180176, ""disgust"": 0.7600398063659668, ""fear"": 0.0001893687149276957, ""joy"": 0.007099946495145559, ""neutral"": 0.001702193869277835, ""sadness"": 0.0008878035005182028}",fc7ebc072fb7b249aeef4d54a5d20e3ced8a5a07ec4c405b84a5506c07d5e621
1059_IWW_FEA_XX,fear,anger,"{""anger"": 0.6556436419487, ""disgust"": 0.009395597502589226, ""fear"": 0.03571556508541107, ""joy"": 0.2991783916950226, ""neutral"": 2.706409141239874e-08, ""sadness"": 6.681797822238877e-05}",1da8f65078e86e727aade66c36d0be0fe58172fa92157a34dde156c197876dda
1059_IWW_NEU_XX,neutral,neutral,"{""anger"": 0.05160476639866829, ""disgust"": 0.0030876505188643932, ""fear"": 0.005592719651758671, ""joy"": 0.0022099718917161226, ""neutral"": 0.9261225461959839, ""sadness"": 0.01138228178024292}",dc46027f48364a1b916620c2ebe87bdba344369de0d3aeab98d88193e2e38726
1059_MTI_HAP_XX,joy,anger,"{""anger"": 0.9981003403663635, ""disgust"": 0.0016289965715259314, ""fear"": 0.0002496663364581764, ""joy"": 1.2387811693770345e-05, ""neutral"": 6.838593247238123e-09, ""sadness"": 8.640658961667214e-06}",53988141e7bdd9b5183ca02bd80972d82df7a6815d4777c8a7d09571529e51cd
1059_TAI_ANG_XX,anger,anger,"{""anger"": 0.999821126461029, ""disgust"": 0.0001715881226118654, ""fear"": 4.769037332152948e-06, ""joy"": 2.0617790141841397e-06, ""neutral"": 1.429943830011382e-09, ""sadness"": 4.2847392478506663e-07}",d2638b62bcdc67886391b849dc6a6bdd9f161043013818f01535a17842a82423
1059_TIE_SAD_XX,sadness,anger,"{""anger"": 0.7422833442687988, ""disgust"": 0.007341708522289991, ""fear"": 0.01294790394604206, ""joy"": 0.23736795783042908, ""neutral"": 4.733362402475905e-06, ""sadness"": 5.4384709073929116e-05}",f870a326264e3bd776a1a8a21f3781c9ec703f8315febbbb0ed9be3922302e12
1059_TSI_NEU_XX,neutral,disgust,"{""anger"": 0.32550936937332153, ""disgust"": 0.3625280559062958, ""fear"": 9.318807860836387e-05, ""joy"": 0.0017978661926463246, ""neutral"": 0.3076566159725189, ""sadness"": 0.0024148214142769575}",91bf0c2246a3859844f5987e19d95e82d5bd107daa3fd4041960c01bbb42a5e1
1065_DFA_ANG_XX,anger,anger,"{""anger"": 0.9958475828170776, ""disgust"": 0.00011297588207526132, ""fear"": 0.003295755013823509, ""joy"": 0.0007326515624299645, ""neutral"": 1.0704336091293953e-05, ""sadness"": 2.3687331918154086e-07}",9da085a52c3abdf2a0fb804d8a0852b7190148d2f9d13a68dffa0154d820dd58
1065_DFA_SAD_XX,sadness,neutral,"{""anger"": 3.282561374362558e-05, ""disgust"": 0.19721876084804535, ""fear"": 0.06400926411151886, ""joy"": 0.00950357224792242, ""neutral"": 0.6443403959274292, ""sadness"": 0.08489523082971573}",51c6dbb91174f6370c67b36bc87def7fadbede56242aa4032e1cf34635ac4775
1065_IEO_DIS_HI,disgust,disgust,"{""anger"": 0.0026547869201749563, ""disgust"": 0.6104679703712463, ""fear"": 0.060768768191337585, ""joy"": 0.32591933012008667, ""neutral"": 2.326097956029116e-06, ""sadness"": 0.00018683256348595023}",d465df680eaf6afdd62dbcecbeaf7033e1a046b0b5b25a190c5881ca88adb7a9
1065_IEO_FEA_HI,fear,fear,"{""anger"": 0.021198797971010208, ""disgust"": 0.12198762595653534, ""fear"": 0.7712201476097107, ""joy"": 0.03378641977906227, ""neutral"": 0.05090116336941719, ""sadness"": 0.0009058574796654284}",b788abaa5f88217e0cd5db15cb08ee58f402507d82757afb7b271d437a2a983c
1065_IEO_SAD_LO,sadness,sadness,"{""anger"": 0.0004498799971770495, ""disgust"": 0.30726689100265503, ""fear"": 0.012615572661161423, ""joy"": 0.002030311618000269, ""neutral"": 0.0006084833294153214, ""sadness"": 0.6770288348197937}",b1c04067c3477d6d1e442aea33bbaf349993d84b199498fab578eb0ddb25469c
1065_ITH_DIS_XX,disgust,sadness,"{""anger"": 7.994814950507134e-05, ""disgust"": 0.28585249185562134, ""fear"": 0.09906851500272751, ""joy"": 0.15524019300937653, ""neutral"": 0.048802249133586884, ""sadness"": 0.41095665097236633}",c90f6c6c2597ff63daa1e9f6e67b0d54ff39087e6e158a08f1d51e27f7c48f88
1065_ITH_NEU_XX,neutral,sadness,"{""anger"": 0.0016350733349099755, ""disgust"": 0.11622995138168335, ""fear"": 0.2629580497741699, ""joy"": 0.0025481132324784994, ""neutral"": 0.019600339233875275, ""sadness"": 0.5970284342765808}",5af3f5ab28b28196ba916fcb3bee5d92a72f7a9d270eacf33bab9d6be9232a4e
1065_IWL_DIS_XX,disgust,disgust,"{""anger"": 0.002434643916785717, ""disgust"": 0.49379393458366394, ""fear"": 0.07280780375003815, ""joy"": 0.4116121530532837, ""neutral"": 0.015291151590645313, ""sadness"": 0.004060315899550915}",6700fa6e9c3467aa6246e29d8c055a332741e8069c28b64284799802cd880c85
1065_IWL_HAP_XX,joy,joy,"{""anger"": 0.0034682892728596926, ""disgust"": 0.04067503288388252, ""fear"": 0.05203039199113846, ""joy"": 0.902405321598053, ""neutral"": 0.0002320891508134082, ""sadness"": 0.0011889362940564752}",5615276392088be3c9b82c3c82dc087e36b64b5fe0fd6ca6289c2363a5d283df
1065_IWL_NEU_XX,neutral,neutral,"{""anger"": 0.0018063485622406006, ""disgust"": 0.0035270056687295437, ""fear"": 0.004844234324991703, ""joy"": 0.16157986223697662, ""neutral"": 0.8066754937171936, ""sadness"": 0.021567001938819885}",5dbdecfb25e1993ee455ac49dd06cebb6003405f9cb338f7db959ba60324bbac
1065_IWL_SAD_XX,sadness,sadness,"{""anger"": 0.0004335367993917316, ""disgust"": 0.04258544743061066, ""fear"": 0.23671136796474457, ""joy"": 0.011527132242918015, ""neutral"": 0.16035838425159454, ""sadness"": 0.5483840703964233}",8fc83989f7314eba410af4f98ea85f2e6a6c8d89919a76701427024a60234bae
1065_IWW_FEA_XX,fear,neutral,"{""anger"": 0.0016829437809064984, ""disgust"": 0.0003547191445250064, ""fear"": 0.0691734328866005, ""joy"": 0.004221718292683363, ""neutral"": 0.9234308004379272, ""sadness"": 0.0011363495141267776}",7860019f97ba4176f46048a9bd1c5636c4d403095b80de332f7921145ac39e8a
1065_MTI_FEA_XX,fear,fear,"{""anger"": 0.001711816294118762, ""disgust"": 0.014038224704563618, ""fear"": 0.6338821649551392, ""joy"": 0.0015460290014743805, ""neutral"": 0.026872383430600166, ""sadness"": 0.32194942235946655}",5bfcb8d405cf0643a96b8a38bfc8a723196c068bb539db999286d7c369cbc46f
1065_TAI_HAP_XX,joy,joy,"{""anger"": 0.0004288462514523417, ""disgust"": 0.01042279414832592, ""fear"": 0.0024174535647034645, ""joy"": 0.9866588115692139, ""neutral"": 6.575161933142226e-06, ""sadness"": 6.5471394918859e-05}",c7d61dc9320fbe61335122453ae243f9e124b734fa3214b8c3eec0db5a4e9cf4
1065_TAI_SAD_XX,sadness,neutral,"{""anger"": 2.155645051971078e-05, ""disgust"": 0.0003693371545523405, ""fear"": 0.02094784751534462, ""joy"": 0.0021396144293248653, ""neutral"": 0.9718084931373596, ""sadness"": 0.004713211674243212}",dcbbf0f7aa04c12b27a9d8d63aeebf08245404ac2b05eb3be65e8ff38490c206
1065_TIE_FEA_XX,fear,neutral,"{""anger"": 0.00013489977573044598, ""disgust"": 0.0036747194826602936, ""fear"": 0.09242087602615356, ""joy"": 0.0006762543926015496, ""neutral"": 0.8563785552978516, ""sadness"": 0.04671468585729599}",571ed74038146b8f0891c10e9195941c0decc78fc1f6d3bb3a12b659ef62e07c
1065_TIE_NEU_XX,neutral,neutral,"{""anger"": 0.00039283858495764434, ""disgust"": 0.005907281767576933, ""fear"": 0.009923933073878288, ""joy"": 0.04459443688392639, ""neutral"": 0.9316975474357605, ""sadness"": 0.0074839298613369465}",136e9eb35f6236e8829386a4ea403900461fbf60fc541ba80b10cb15221d5d49
1065_TSI_ANG_XX,anger,anger,"{""anger"": 0.8822616338729858, ""disgust"": 0.00031473743729293346, ""fear"": 0.004245571326464415, ""joy"": 0.11317022144794464, ""neutral"": 6.700810899928911e-06, ""sadness"": 1.0613836138873012e-06}",6b61f914bf5bb3daa5a86a6754496762403af370288a73f92071d2dc712b5a24
1065_TSI_HAP_XX,joy,fear,"{""anger"": 0.003503655781969428, ""disgust"": 0.008813642896711826, ""fear"": 0.5512592196464539, ""joy"": 0.4358643889427185, ""neutral"": 3.0410950785153545e-05, ""sadness"": 0.0005287131643854082}",89971740aae47eae7766c2f96e9fb696c6b0ff6bcaa90dabcb701e04331ce327
1065_WSI_HAP_XX,joy,joy,"{""anger"": 0.0036994453985244036, ""disgust"": 0.04711274057626724, ""fear"": 0.004221664741635323, ""joy"": 0.944499135017395, ""neutral"": 9.905204933602363e-05, ""sadness"": 0.00036798653309233487}",44c3e808d5c7a29fdb9f689228831383ba0c70ea66fb742e7f82bd49c3369b61
1066_IEO_FEA_MD,fear,fear,"{""anger"": 0.0004246760508976877, ""disgust"": 0.05534147471189499, ""fear"": 0.47651904821395874, ""joy"": 0.013936864212155342, ""neutral"": 0.150571808218956, ""sadness"": 0.3032061457633972}",9b965fd5fc7c26471ee19ecec327f4fc789a1d13cf560bca162580a8486b8432
1066_ITH_DIS_XX,disgust,disgust,"{""anger"": 0.003661597380414605, ""disgust"": 0.8203403949737549, ""fear"": 0.02166088856756687, ""joy"": 0.07773832976818085, ""neutral"": 0.0019492876017466187, ""sadness"": 0.07464947551488876}",e87d23ee628633ddf9daefa3df040fe2e303eda74ad4e2c9e9aad080a87aae02
1066_ITS_FEA_XX,fear,fear,"{""anger"": 0.0022419013548642397, ""disgust"": 0.030228322371840477, ""fear"": 0.630149245262146, ""joy"": 0.008924066089093685, ""neutral"": 0.029892448335886, ""sadness"": 0.29856398701667786}",7895f0c628d952f686884661b51d36e776f52b4ffbc315bbc43b9934883db149
1066_IWL_DIS_XX,disgust,disgust,"{""anger"": 0.0011503718560561538, ""disgust"": 0.5455935001373291, ""fear"": 0.29736167192459106, ""joy"": 0.08968783915042877, ""neutral"": 0.004277744796127081, ""sadness"": 0.06192881986498833}",a4da1ba70c01ca07f38c1782511a3072435d1abaa0d3a02dcd10b6e62734c44f
1066_IWL_SAD_XX,sadness,fear,"{""anger"": 5.522599894902669e-05, ""disgust"": 0.017695792019367218, ""fear"": 0.6339329481124878, ""joy"": 0.006646892987191677, ""neutral"": 0.010362817905843258, ""sadness"": 0.3313063979148865}",af23dcd395ac4e588564f131c24da2407f1ec0587928a9343c59e661f6a1d47b
1066_IWW_FEA_XX,fear,sadness,"{""anger"": 0.0007833470590412617, ""disgust"": 0.027210308238863945, ""fear"": 0.20964765548706055, ""joy"": 0.0033387604635208845, ""neutral"": 0.02940828539431095, ""sadness"": 0.7296116948127747}",9ab7c4bc98b5e0d10060d3ed220300be42c622a08da734946fb96b408691a113
1066_TAI_NEU_XX,neutral,neutral,"{""anger"": 0.00617294991388917, ""disgust"": 0.1248510479927063, ""fear"": 0.009251824580132961, ""joy"": 0.15334805846214294, ""neutral"": 0.66746586561203, ""sadness"": 0.03891025856137276}",98cd0909a0fbfdc86f3a555166014b8cbd2972a7f834e992727b23edab1be781
1066_TIE_ANG_XX,anger,joy,"{""anger"": 0.009935005567967892, ""disgust"": 0.0029561638366431, ""fear"": 0.029311468824744225, ""joy"": 0.9570785760879517, ""neutral"": 0.0004270281351637095, ""sadness"": 0.0002917542587965727}",a2f82cf5c598dd97928ecee1f1c5a10f77c119e54599de30239a1437ba2dbba5
1066_TIE_FEA_XX,fear,sadness,"{""anger"": 0.003233306109905243, ""disgust"": 0.03058984875679016, ""fear"": 0.36077842116355896, ""joy"": 0.05087682604789734, ""neutral"": 0.15753653645515442, ""sadness"": 0.3969850242137909}",554ed16dd47a1dbe91f49cd477b940d33799f6cb17efe33fb7b6776f7188391b
1068_IEO_ANG_HI,anger,anger,"{""anger"": 0.9991024732589722, ""disgust"": 0.0005419004592113197, ""fear"": 0.00029916083440184593, ""joy"": 5.647055513691157e-05, ""neutral"": 3.1564393026400905e-12, ""sadness"": 3.6816821591401094e-08}",946f04bcf8b239fa8a53f76bb2e1d340592180d24216fc1a33653f56a3e1d09c
1068_IOM_FEA_XX,fear,fear,"{""anger"": 0.00017524602299090475, ""disgust"": 0.010004105046391487, ""fear"": 0.7830823659896851, ""joy"": 0.014753001742064953, ""neutral"": 0.030515752732753754, ""sadness"": 0.161469504237175}",fed61f8fb1f91398579c03fb875f918b9966978382da435755b1d4028e2f4b9f
1068_ITH_DIS_XX,disgust,fear,"{""anger"": 0.1036071926355362, ""disgust"": 0.1203983798623085, ""fear"": 0.30431684851646423, ""joy"": 0.21550054848194122, ""neutral"": 0.05463605374097824, ""sadness"": 0.20154091715812683}",4b9df954c5ff8929b6229268fb66c1313c022127c86b4a9ef670d5fb307aef35
1068_ITS_NEU_XX,neutral,neutral,"{""anger"": 0.002791072241961956, ""disgust"": 0.00041846424574032426, ""fear"": 0.006737427320331335, ""joy"": 0.03639611974358559, ""neutral"": 0.951686680316925, ""sadness"": 0.0019702843856066465}",ff5a5fe7923c57a30d0c30d4787128491c547c7de4b45458ec7c034c9bb80d3c
1068_IWW_HAP_XX,joy,joy,"{""anger"": 0.039721596986055374, ""disgust"": 0.0005618341965600848, ""fear"": 0.019760193303227425, ""joy"": 0.9398706555366516, ""neutral"": 2.205033706559334e-05, ""sadness"": 6.368865433614701e-05}",d25551e85e31a75d3a8bb91a42a06c5ad3f260ab5cc7c2231f8e33be3550db95
1068_MTI_HAP_XX,joy,neutral,"{""anger"": 0.018658600747585297, ""disgust"": 0.003800508566200733, ""fear"": 0.033410098403692245, ""joy"": 0.07881107181310654, ""neutral"": 0.844063937664032, ""sadness"": 0.021255794912576675}",54ab32a71a790069dfda396d266abea9e343c104a7c3a8218eafb17b0136518b
1068_TSI_ANG_XX,anger,anger,"{""anger"": 0.9356119632720947, ""disgust"": 4.803580668522045e-05, ""fear"": 0.0050076209008693695, ""joy"": 0.059328556060791016, ""neutral"": 1.631765485399228e-06, ""sadness"": 2.1567466319538653e-06}",ec901def90435fc2cf799273e6c19b96102559a5d988d5cf390c30c549733f7c
1068_TSI_FEA_XX,fear,fear,"{""anger"": 8.169702778104693e-05, ""disgust"": 0.00034468568628653884, ""fear"": 0.7912053465843201, ""joy"": 0.026643121615052223, ""neutral"": 0.17041225731372833, ""sadness"": 0.011312921531498432}",d292c9c3a7b26bd4d23cf291578bfe1a994132341cfa5ccf89a0d415df5649c3
1068_WSI_DIS_XX,disgust,fear,"{""anger"": 0.0005104563315398991, ""disgust"": 0.0028776261024177074, ""fear"": 0.923502504825592, ""joy"": 0.07285942137241364, ""neutral"": 2.945223513961537e-07, ""sadness"": 0.00024972783285193145}",58f94d3f062fc07ee3d5b62bd032e0fc1bea68a3742c34bc0ffdc8e8b54ef35a
1071_DFA_SAD_XX,sadness,sadness,"{""anger"": 4.7120588533289265e-06, ""disgust"": 0.011648541316390038, ""fear"": 0.0032442323863506317, ""joy"": 0.02712108939886093, ""neutral"": 0.18856662511825562, ""sadness"": 0.7694147825241089}",42258ba4b19f144287b8938a9f9b49f4f9ee1348b57d62fc359093914926f4f3
1071_IOM_SAD_XX,sadness,sadness,"{""anger"": 3.1557201509713195e-06, ""disgust"": 0.00021499897411558777, ""fear"": 0.004136360250413418, ""joy"": 0.00011867800640175119, ""neutral"": 0.1017887145280838, ""sadness"": 0.8937380909919739}",b39db60444d28e245b1a653b4551474f0fa13aae4f10fdfcc0d0ec76debd70cf
1071_IWW_NEU_XX,neutral,neutral,"{""anger"": 3.447599010542035e-05, ""disgust"": 2.0515566575340927e-05, ""fear"": 0.000979582080617547, ""joy"": 8.266369695775211e-05, ""neutral"": 0.9943854808807373, ""sadness"": 0.004497289191931486}",949cff1df7c69aa6d47ed7cbace5d9a2e842ad295043019e9104e190606f2ea5
1071_MTI_HAP_XX,joy,sadness,"{""anger"": 1.675331441219896e-05, ""disgust"": 0.0026612801011651754, ""fear"": 0.009158840402960777, ""joy"": 0.07030972838401794, ""neutral"": 0.25761228799819946, ""sadness"": 0.6602410674095154}",b08260b0c96fb739fd3b3c4ae6493a0864ac9b134fd7b9164c2c5c2388246dae
1071_TAI_ANG_XX,anger,disgust,"{""anger"": 0.009732503443956375, ""disgust"": 0.4605449438095093, ""fear"": 0.0012660565553233027, ""joy"": 0.010268531739711761, ""neutral"": 0.17830953001976013, ""sadness"": 0.3398784101009369}",bfcaff3cfbb253022ee0c45c24fffac2b6312cf97dd1952967712f1534058318
1071_TIE_ANG_XX,anger,anger,"{""anger"": 0.6014182567596436, ""disgust"": 0.28391748666763306, ""fear"": 0.08052366226911545, ""joy"": 0.03362031280994415, ""neutral"": 9.093544940697029e-05, ""sadness"": 0.0004294607788324356}",75db17685bef688ea2263fbd0a7f83b9efd44f679a67923f9f71bcc61da13727
1071_TIE_DIS_XX,disgust,sadness,"{""anger"": 0.00072116544470191, ""disgust"": 0.07899381220340729, ""fear"": 0.17239870131015778, ""joy"": 0.004863229114562273, ""neutral"": 0.0030473535880446434, ""sadness"": 0.7399757504463196}",c221640a30258ae81cbb180813ff5bc860872c73ae28ee4cc75a59764454a070
1073_IEO_DIS_MD,disgust,disgust,"{""anger"": 0.1975456327199936, ""disgust"": 0.6876627802848816, ""fear"": 0.018003804609179497, ""joy"": 0.005396188236773014, ""neutral"": 0.003332805819809437, ""sadness"": 0.08805877715349197}",dec5307c1b1eaec842850b4a0ec510f0c670f917954422c971f33bc138a9f52e
1073_ITS_ANG_XX,anger,anger,"{""anger"": 0.866900622844696, ""disgust"": 0.015909820795059204, ""fear"": 0.08795097470283508, ""joy"": 0.016154425218701363, ""neutral"": 0.012768031097948551, ""sadness"": 0.0003161602362524718}",b5651638d0decdf2b13c32ca9330cfdcaa7e0cf0de20ac5c43671d746054b40c
1073_ITS_NEU_XX,neutral,neutral,"{""anger"": 0.0017593621741980314, ""disgust"": 0.0006760242395102978, ""fear"": 0.09906766563653946, ""joy"": 0.10692832618951797, ""neutral"": 0.7558715343475342, ""sadness"": 0.035697080194950104}",b035543654fe886ad5a2368f7fbc9b3dec3d1399afeb6182e89472a562d1e069
1073_ITS_SAD_XX,sadness,fear,"{""anger"": 0.020408768206834793, ""disgust"": 0.03364763408899307, ""fear"": 0.6144226789474487, ""joy"": 0.02669333852827549, ""neutral"": 0.22724278271198273, ""sadness"": 0.07758483290672302}",63ec524c5352e5e8b8d96a8942c936f489806db79e0904d3b9bf60bc14ccc20d
1073_IWL_DIS_XX,disgust,disgust,"{""anger"": 0.019146502017974854, ""disgust"": 0.6007162928581238, ""fear"": 0.04559103026986122, ""joy"": 0.033045485615730286, ""neutral"": 0.03547992557287216, ""sadness"": 0.2660207748413086}",87930401f54fa9f082660ce1dea6c8160c2d6e3b55fc85eeef9a031a6534acbe
1073_TIE_DIS_XX,disgust,disgust,"{""anger"": 0.0011625721817836165, ""disgust"": 0.9790974259376526, ""fear"": 0.008179782889783382, ""joy"": 0.0006753755151294172, ""neutral"": 0.00032559322426095605, ""sadness"": 0.01055920124053955}",b649a743a25345668f71035adeec03b2b7fe699c9ad12e7fcde6c3874a259fcc
1073_TSI_ANG_XX,anger,anger,"{""anger"": 0.9816861152648926, ""disgust"": 0.00907569658011198, ""fear"": 0.001245609950274229, ""joy"": 0.007341915741562843, ""neutral"": 0.0006176837487146258, ""sadness"": 3.304296842543408e-05}",2acb4999b1e7004cfa0f2c6e6713524dacdaef453642716693cc9e32fe0bc7c1
1073_WSI_SAD_XX,sadness,neutral,"{""anger"": 0.00024252723960671574, ""disgust"": 0.017928753048181534, ""fear"": 0.08663136512041092, ""joy"": 0.03781139850616455, ""neutral"": 0.6635181903839111, ""sadness"": 0.19386783242225647}",68d643b0057e954bc265e6988a511160b928928d04f34f611c82c0eb7cb9a756
1084_IEO_DIS_MD,disgust,disgust,"{""anger"": 0.2064843773841858, ""disgust"": 0.7053390741348267, ""fear"": 0.01483586709946394, ""joy"": 0.034015316516160965, ""neutral"": 0.006314170081168413, ""sadness"": 0.033011119812726974}",cce890fa09fd6282ce937faaf1bdd758aff1303f94343ab22422b6497d46236d
1084_IEO_HAP_LO,joy,disgust,"{""anger"": 0.2161722481250763, ""disgust"": 0.6867424249649048, ""fear"": 0.013863174244761467, ""joy"": 0.05843173712491989, ""neutral"": 0.00977582298219204, ""sadness"": 0.015014534816145897}",f424f21ad83a44b1e7cbb1569c20bdd4566fce096b8d5ebb19a0e7321eaf8247
1084_IEO_NEU_XX,neutral,neutral,"{""anger"": 0.0036237440072000027, ""disgust"": 0.0021868012845516205, ""fear"": 2.9178589102230035e-05, ""joy"": 0.0007737362175248563, ""neutral"": 0.9891307353973389, ""sadness"": 0.0042558046989142895}",ccf14a5e2ce9fa4174809697232bfb0c053ee2830f04c867e76681218b48bea0
1084_ITH_HAP_XX,joy,joy,"{""anger"": 0.004383798222988844, ""disgust"": 0.03776077181100845, ""fear"": 0.18166084587574005, ""joy"": 0.39293527603149414, ""neutral"": 0.03328818455338478, ""sadness"": 0.34997108578681946}",c00de328c5e23538935e5d7bbd646769d0d6260be3d62e841cc73074fd6a7a39
1084_IWW_FEA_XX,fear,sadness,"{""anger"": 0.0011264613131061196, ""disgust"": 0.0051803807727992535, ""fear"": 0.39688897132873535, ""joy"": 0.002840277273207903, ""neutral"": 0.008502932265400887, ""sadness"": 0.5854609608650208}",723dd1dc43b92a448f50672066267c0ca946a1dcb86c896ac109d4f2645a9b76
1084_MTI_SAD_XX,sadness,neutral,"{""anger"": 0.005016725044697523, ""disgust"": 0.034952182322740555, ""fear"": 0.12060441821813583, ""joy"": 0.007546654902398586, ""neutral"": 0.4427586495876312, ""sadness"": 0.3891214430332184}",25b67339e0ce56e15b2e824ba7dc48ba816e5f281188ac5e9eb7816225e4040b
1084_TAI_HAP_XX,joy,sadness,"{""anger"": 0.0003309542662464082, ""disgust"": 0.038174957036972046, ""fear"": 0.0014992967480793595, ""joy"": 0.0009935746202245355, ""neutral"": 0.07987494021654129, ""sadness"": 0.879126250743866}",6a6a97e97bae8b2a10dfe4a61ed92b65c1c8ea3ceaa62f5493d4aebfbcb7aada
1084_TAI_SAD_XX,sadness,sadness,"{""anger"": 1.5370360415545292e-05, ""disgust"": 0.09502282738685608, ""fear"": 0.08317027240991592, ""joy"": 0.003556410549208522, ""neutral"": 0.026773734018206596, ""sadness"": 0.7914614677429199}",0e02cfad0b8cd2c935c18dedf4b938756e05b4812e9a4107661e484dc5edf8df
1084_TSI_NEU_XX,neutral,neutral,"{""anger"": 0.0008678389713168144, ""disgust"": 0.0228108037263155, ""fear"": 0.0014625187031924725, ""joy"": 0.00033469469053670764, ""neutral"": 0.9703078269958496, ""sadness"": 0.004216237459331751}",993d7b5148ce316dbd3d8e49c697ae4f972a04947b52808b4c5fdd0b3e02fbbf
1084_TSI_SAD_XX,sadness,sadness,"{""anger"": 9.00636805454269e-05, ""disgust"": 0.06307835876941681, ""fear"": 0.13212363421916962, ""joy"": 0.0007479031337425113, ""neutral"": 0.0039651840925216675, ""sadness"": 0.7999948859214783}",07bfe4846da52cfd2df06522a877232a093a18754e89fc208f4ac4ff25384635
1084_WSI_DIS_XX,disgust,disgust,"{""anger"": 5.786751444247784e-06, ""disgust"": 0.9586842656135559, ""fear"": 0.00628208601847291, ""joy"": 0.0007858597091399133, ""neutral"": 0.0003797240206040442, ""sadness"": 0.03386225551366806}",c2be396e21aa7d49c0ec2434f27ecb95ba99d9d70d003c7a947311aa1dbd7521
1084_WSI_HAP_XX,joy,disgust,"{""anger"": 0.0010446838568896055, ""disgust"": 0.8996961116790771, ""fear"": 0.04250276833772659, ""joy"": 0.04926976189017296, ""neutral"": 0.0027845711447298527, ""sadness"": 0.004702168982475996}",f3bd05d057c1202abed6c2eed0de03e878eae3c1a0fdc9554757cc95e43670d6
1084_WSI_SAD_XX,sadness,neutral,"{""anger"": 1.4042218481336022e-06, ""disgust"": 0.000660755205899477, ""fear"": 0.0011704846983775496, ""joy"": 0.00030924176098778844, ""neutral"": 0.9163059592247009, ""sadness"": 0.08155212551355362}",187c226941516a719ca3af59e5a1b9d5a17bd3c2fe41e41ea2561838f92f2283
1086_IEO_FEA_HI,fear,anger,"{""anger"": 0.5847167372703552, ""disgust"": 0.004986392799764872, ""fear"": 0.3753826916217804, ""joy"": 0.03491191565990448, ""neutral"": 1.0196670174877909e-09, ""sadness"": 2.23859410652949e-06}",29253488874dec1012bfd1a07aa42b10aef529888c5daa28b74ebd770d4a53e7
1086_IWL_HAP_XX,joy,joy,"{""anger"": 0.0012224091915413737, ""disgust"": 0.0010566336568444967, ""fear"": 0.003350350307300687, ""joy"": 0.9934536218643188, ""neutral"": 0.0005614059045910835, ""sadness"": 0.0003556703159119934}",a4fe6904b9e2ef7f846a2719c36c372037ea1ca50a9d85f76ff160bccc9226a7
1086_TAI_NEU_XX,neutral,sadness,"{""anger"": 0.003735459176823497, ""disgust"": 0.12990105152130127, ""fear"": 0.004555323626846075, ""joy"": 0.008754990994930267, ""neutral"": 0.29987260699272156, ""sadness"": 0.5531805753707886}",c1341fb4191983499dcd8ecf1e99465c2364a7c6a63a2398340191681656599f
1086_TSI_NEU_XX,neutral,neutral,"{""anger"": 0.06895511597394943, ""disgust"": 0.09583157300949097, ""fear"": 0.006488539278507233, ""joy"": 0.03359505906701088, ""neutral"": 0.7607983350753784, ""sadness"": 0.034331370145082474}",eaab3d84185070f26e02fda09ce0aef46d2d6e455041027af953b8ad5dff73a3
1086_WSI_NEU_XX,neutral,disgust,"{""anger"": 0.007830900140106678, ""disgust"": 0.4621421694755554, ""fear"": 0.2384442687034607, ""joy"": 0.2364017516374588, ""neutral"": 0.026256361976265907, ""sadness"": 0.02892450802028179}",5088bf6785c708b345feec680264a58a3709c9e20be0dc67d9035bbaa6a3b9b8
1088_IEO_FEA_LO,fear,sadness,"{""anger"": 2.0256880816305056e-05, ""disgust"": 0.03129500523209572, ""fear"": 0.07035208493471146, ""joy"": 2.4357939764740877e-05, ""neutral"": 0.0001913044834509492, ""sadness"": 0.8981170058250427}",7f0159e0bb18ac61ba7fb91f190a194eda7b747913caf9fbaa542d55be8a5f88
1088_IEO_FEA_MD,fear,sadness,"{""anger"": 0.0004138864460401237, ""disgust"": 0.12619392573833466, ""fear"": 0.21379458904266357, ""joy"": 0.0027066629845649004, ""neutral"": 0.001899950671941042, ""sadness"": 0.6549909710884094}",cba6e40953abc5657c146403f37fac22be6fb9c70ad4b00cea10fe5a97bb5fd5
1088_IEO_SAD_MD,sadness,sadness,"{""anger"": 4.10594220738858e-05, ""disgust"": 0.005466167349368334, ""fear"": 0.14981362223625183, ""joy"": 8.21166904643178e-05, ""neutral"": 3.8432961446233094e-05, ""sadness"": 0.844558596611023}",10b62e5af2bf4b7a99b371482ffe83c904bcf3798b4cc0bc0a2cd9fba3197b96
1088_IOM_DIS_XX,disgust,disgust,"{""anger"": 1.7410992541044834e-06, ""disgust"": 0.9759057760238647, ""fear"": 0.003500516526401043, ""joy"": 8.602978778071702e-05, ""neutral"": 0.0005607891944237053, ""sadness"": 0.01994532346725464}",406180959731c8e0c1828551701854c4650559ae71bf6486d6711fcf89ac9b1e
1088_ITS_HAP_XX,joy,joy,"{""anger"": 5.4766849643783644e-05, ""disgust"": 0.005548233166337013, ""fear"": 0.12380343675613403, ""joy"": 0.8590191602706909, ""neutral"": 0.005882406607270241, ""sadness"": 0.005691979546099901}",b1d4d49d328cdb786453946b536bcc0db9d1de492f55088e9227a937bbdd22be
1088_ITS_NEU_XX,neutral,neutral,"{""anger"": 0.0005277201998978853, ""disgust"": 0.04972594231367111, ""fear"": 0.2799599766731262, ""joy"": 0.015950093045830727, ""neutral"": 0.623172402381897, ""sadness"": 0.03066386468708515}",b78b63c4202dafda184cf75dba199d8d6d250af931f211333166c44bc162cb65
1088_IWW_ANG_XX,anger,joy,"{""anger"": 0.06783456355333328, ""disgust"": 0.0008962658466771245, ""fear"": 0.15052162110805511, ""joy"": 0.7806221842765808, ""neutral"": 3.571580600691959e-05, ""sadness"": 8.964013250079006e-05}",12dee8032b2fe2c807305f34e12a2818bc03dd3711913713f77d27d79e957885
1088_IWW_HAP_XX,joy,neutral,"{""anger"": 0.00014508573804050684, ""disgust"": 0.0029891578014940023, ""fear"": 0.007691547740250826, ""joy"": 0.05233064666390419, ""neutral"": 0.7229380011558533, ""sadness"": 0.21390560269355774}",bbaa6e8b943e1468f73a2a0eb27fa00e4e88dc72efae450a02251b7907c56c25
1088_MTI_ANG_XX,anger,neutral,"{""anger"": 0.029176898300647736, ""disgust"": 0.10839270055294037, ""fear"": 0.0415106862783432, ""joy"": 0.26872098445892334, ""neutral"": 0.4451075494289398, ""sadness"": 0.10709124803543091}",b9ad2af8aefd53a70326c6cf31e460dcd7ffe97ebfb634804c63e1fe25ab91c7
1088_MTI_SAD_XX,sadness,sadness,"{""anger"": 3.338552050990984e-05, ""disgust"": 0.004331682808697224, ""fear"": 0.32217317819595337, ""joy"": 0.000742823351174593, ""neutral"": 0.0581338107585907, ""sadness"": 0.6145851612091064}",4df083f4f5fc8efd15b128246acf433ce1eb8b3bee9d76ac8bcce36e7621ed03
1088_TAI_HAP_XX,joy,neutral,"{""anger"": 0.00028438871959224343, ""disgust"": 0.0557212233543396, ""fear"": 0.1733579784631729, ""joy"": 0.06869858503341675, ""neutral"": 0.5653364658355713, ""sadness"": 0.13660138845443726}",7e0cc6133a3f0c986ed727ff252b01b359166f741cf483340283c7032e5eec69
1088_WSI_DIS_XX,disgust,disgust,"{""anger"": 0.0004259865963831544, ""disgust"": 0.6875495314598083, ""fear"": 0.16722172498703003, ""joy"": 0.12896251678466797, ""neutral"": 0.0015397132374346256, ""sadness"": 0.01430055033415556}",97bee68f813401b07eb630de5a5aeb6274db80b589b4f3129c393af626b3ac52
